Product number,Product line,Product type,Product,Introduction date,Product brand,Product color,Product size,Product description,Unit cost,Unit price
1110,Camping Equipment,Cooking Gear,TrailChef Water Bag,2016-02-15,TrailChef,Clear,10 liters,"Lightweight, collapsible bag to carry liquids easily.  Wide mouth for easy filling.  Holds 10 liters.",$2.77,$6.59
2110,Camping Equipment,Cooking Gear,TrailChef Canteen,2016-02-15,TrailChef,Brown,2 liters,"Aluminum canteen. Rugged fleece-lined cover with belt clips, removable shoulder sling and small pocket for water purification tablets bottle. Holds 2 liters",$6.92,$12.92
3110,Camping Equipment,Cooking Gear,TrailChef Kitchen Kit,2016-02-15,TrailChef,Unspecified,15-piece,"Zippered nylon pouch contains cutlery for two, can opener, wire whisk, scrubber sponge, 2  60 ml squirt bottles, pancake turner and salt and pepper shaker.  Measures 10 x 22 x 5 cm.",$15.78,$23.80
4110,Camping Equipment,Cooking Gear,TrailChef Cup,2016-02-15,TrailChef,Silver,330 ml,Tin cup. Holds 0.4 liters. Weight: 60 g,$0.85,$3.66
5110,Camping Equipment,Cooking Gear,TrailChef Cook Set,2016-02-15,TrailChef,Silver,6-piece,All you will ever need on the trail.  Pot gripper and nylon carrying bag included.  1.5 and 2 liter pots with individual lids. Weight: 750 g.,$34.41,$54.93
6110,Camping Equipment,Cooking Gear,TrailChef Deluxe Cook Set,2018-03-05,TrailChef,Silver,9-piece,"Cascade set features 1, 2, and 3 liter pots with individual lids that double as fry pans or plates. Pot gripper and nylon carrying bag included.  Weight: 1.4 kg.",$78.72,$129.72
7110,Camping Equipment,Cooking Gear,TrailChef Single Flame,2016-02-15,TrailChef,Silver,Single-burner,"A single burner stove with integral tank.  It features precise flame control so you will never have to settle for burnt camp food again.  Weight 624 g, fuel is white gas.",$46.38,$66.77
8110,Camping Equipment,Cooking Gear,TrailChef Double Flame,2018-03-05,TrailChef,Green,Double-burner,"The TrailChef Double Flame is a camp stove which attaches directly to fuel canisters. Features precise flame control and a built-in windscreen.  Weight is 850 g, fuel is propane.",$75.00,$151.77
9110,Camping Equipment,Cooking Gear,TrailChef Kettle,2018-03-05,TrailChef,Ash,1.5 liters,"This old-fashioned style kettle is made of durable enamel.  Weight: 350g, Holds 1.5 liters.",$5.07,$13.22
10110,Camping Equipment,Cooking Gear,TrailChef Utensils,2016-02-15,TrailChef,Silver,4-piece,"Spoon, fork and knife set made of a light yet strong metal alloy.  Carrying pouch included.",$9.68,$19.29
11110,Camping Equipment,Tents,Star Lite,2016-02-15,Star,Beige,Two-person,"A perfect tent for biking and hiking trips, compact and very light.  Features three shock cord aluminum poles, and three large mesh windows.  Packed size: 15 x 40 cm. Weight: 0.5 kg.",$250.00,$370.13
12110,Camping Equipment,Tents,Star Dome,2018-03-05,Star,Red,Three-person,"Four pole geodesic dome mountain tent that comfortably fits two to three people. 10 mm aluminum poles, mesh pole sleeves and taped seams.  Packed size: 22 x 63 cm. Weight: 4.8 kg.",$396.00,$650.89
13110,Camping Equipment,Tents,Star Gazer 2,2016-02-15,Star,Light Blue,Two-person,The Star Gazer 2 is the Great Outdoor's most versatile tent.  It is a large two-person tent that is both durable and light weight.  Packed size: 18 x 70 cm. Weight: 2.6 kg.,$392.57,$582.42
14110,Camping Equipment,Tents,Star Gazer 3,2018-03-05,Star,Red,Three-person,"The Star Gazer 3 features a water proof fly, mesh window and two doors for good ventilation.  Packed size: 20 x 70 cm. Weight: 5.3 kg.",$438.62,$707.29
15110,Camping Equipment,Tents,Star Gazer 6,2018-03-05,Star,Blue,Six-person,"Massive cabin tent has ample room for six people. Mesh door and vent, T-style door.  Four side windows with storm flaps and three carry bags for tent and poles.",$490.00,$831.88
16110,Camping Equipment,Tents,Star Peg,2018-03-05,Star,Silver,25 cm,"A single tent peg made of heavy-duty plated steel. Long enough even for hard, rocky ground. Length: 25 cm",$1.00,$2.06
17110,Camping Equipment,Sleeping Bags,Hibernator Lite,2018-03-05,Hibernator,Light Blue,195 cm,The Hibernator Lite is the perfect summer sleeping bag.  Light weight and comfortable down to 10°C.  The rectangular shape allows for easy pairing.  Weight with stuff sack: 1.0 kg.,$60.00,$90.09
18110,Camping Equipment,Sleeping Bags,Hibernator,2016-02-15,Hibernator,Light Blue,195 cm,The Hibernator is a three-season sleeping bag. The rectangular shape allows for easy pairing. Nylon shell material.  8 cm loft.  Comfortable down to 0°C.  One size fits up to 195 cm.,$86.00,$146.83
19110,Camping Equipment,Sleeping Bags,Hibernator Extreme,2016-10-26,Extreme,Dark Blue,195 cm,"The Hibernator Extreme has all the features you need for four-season comfort.  Comfortable from -18° to 9°C. Silk comfort lining, nylon shell. Fits users to 195 cm, stuff sack included.",$150.00,$265.14
20110,Camping Equipment,Sleeping Bags,Hibernator Self - Inflating Mat,2018-03-05,Hibernator,Blue,195 cm,Mattress is made of extra-thick foam. Mesh stuff sack included for easy carrying and storage. Repair kit included.,$56.72,$127.27
21110,Camping Equipment,Sleeping Bags,Hibernator Pad,2016-02-15,Hibernator,Grey,195 cm,Warms up quickly for snow camping comfort. The Hibernator Pad will resist cracking in temperatures as low as -30°C.,$18.83,$41.31
22110,Camping Equipment,Sleeping Bags,Hibernator Pillow,2016-02-15,Hibernator,Purple,Unspecified,"Camp pillow is filled with soft, luxurious fibers for maximum compactness and resiliency. Covered with soft cotton on one side and soft flannel on the other.",$8.37,$17.65
23110,Camping Equipment,Sleeping Bags,Hibernator Camp Cot,2018-03-05,Hibernator,Brown,225 cm,Aluminum frame camp cot that is lightweight and durable.  Size: 100 x 225 x 50 cm.  Weight: 7 kg.,$65.41,$104.48
24110,Camping Equipment,Packs,Canyon Mule Climber Backpack,2018-03-05,Canyon Mule,Red,32000 cc,"This pack is perfect for day trips and short hikes. Also great for students.  Separate front compartment, multi-layered interior organizer, 2 cm waist belt, 32,000 cu. cm.",$52.50,$76.86
25110,Camping Equipment,Packs,Canyon Mule Weekender Backpack,2016-02-15,Canyon Mule,Blue,50000 cc,"A weekend getaway requires this pack.  It features a large front compression pocket, harness and waist belt, foam molded back panel, vinyl covered gear loops.  50,000 cu. cm.",$165.91,$285.89
26110,Camping Equipment,Packs,Canyon Mule Journey Backpack,2016-02-15,Canyon Mule,Black,66000 cc,"Set of three packs: handlebar pack, front pack and rear pack.  Designed to fit most mountain bikes.  Includes mounting hardware.  Total volume: 66,000 cu. cm.",$213.33,$370.86
27110,Camping Equipment,Packs,Canyon Mule Extreme Backpack,2018-03-05,Extreme,Blue,90000 cc,"Perfect for long back country trips, this pack features an expandable front pocket, includes a large sleeping bag compartment, padded shoulder harness, back and waist belt. 90,000 cu. cm.",$238.88,$460.52
28110,Camping Equipment,Packs,Canyon Mule Cooler,2016-02-15,Canyon Mule,Blue,250000 cc,"A durable plastic cooler with hinged top, perfect for storing small items. Size:100 x 50 x 50 cm.",$15.27,$32.69
29110,Camping Equipment,Packs,Canyon Mule Carryall,2018-03-05,Canyon Mule,Blue,120000 cc,"This pack has a large capacity, perfect for carrying all your camping gear.  Solid metal zipper and leather bottom.",$41.18,$73.50
30110,Camping Equipment,Lanterns,Firefly Lite,2018-03-05,Firefly,Black,5-hour,"Lightweight flashlight made from aircraft aluminum. Focusable beam, tail cap push button allows for single-handed operation. Uses two AA batteries, included.",$6.75,$14.77
31110,Camping Equipment,Lanterns,Firefly Mapreader,2018-03-05,Firefly,Yellow,5-hour,"Clip-on flashlight for map or book reading. Also comes with flexible fiber optic extension. Lightweight, uses only one AA battery, included.",$7.50,$16.29
32110,Camping Equipment,Lanterns,Firefly 2,2016-02-15,Firefly,Silver,12-hour,"A high quality aluminum flashlight with Krypton bulb.  Uses two D batteries, included.",$16.38,$27.37
33110,Camping Equipment,Lanterns,Firefly 4,2018-03-05,Firefly,Yellow,25-hour,"Made of solid plastic construction, adjustable beam (flood to spot), Krypton bulb.  Uses four D batteries, included.",$17.84,$29.44
34110,Camping Equipment,Lanterns,Firefly Extreme,2016-10-26,Extreme,Black,12-hour,"The Firefly Extreme is under 15 cm long yet produces 7,000 candlepower using two lithium batteries and a Xenon bulb. Shock and water resistant. Weight: 135 g.",$29.10,$53.04
35110,Camping Equipment,Lanterns,Firefly Multi-light,2016-10-26,Firefly,Orange,12-hour,"This light can be used as either a flashlight or as a lamp. Uses two C batteries, included.  Burn time 7-8 hours. Water-resistant.",$17.78,$26.54
36110,Camping Equipment,Lanterns,EverGlow Single,2016-02-15,EverGlow,Blue,5-hour,Light output approximates a 100 W bulb. Single mantle regulated. Porcelain dome. Uses 0.5 liter  propane cylinder (not included).,$17.95,$35.10
37110,Camping Equipment,Lanterns,EverGlow Double,2018-03-05,EverGlow,Black,8-hour,Light output approximates a 175 W bulb. Double mantle regulated. Porcelain dome. Uses 0.5 liter propane cylinder (not included).,$28.75,$52.15
38110,Camping Equipment,Lanterns,EverGlow Kerosene,2018-03-05,EverGlow,Silver,25-hour,"One of the most dependable sources of light in an emergency, this lantern is always ready and doesn't need to be recharged. Cotton wick. Height: 30 cm.",$20.00,$31.55
39110,Camping Equipment,Lanterns,EverGlow Butane,2018-03-05,EverGlow,Blue,5-hour,"Adjustable brightness control with auto ignition. Safely stores in its own protective case.  Approximate burn time 5 hours on one 0.25 liter butane canister, included.",$40.63,$67.73
40110,Camping Equipment,Lanterns,EverGlow Lamp,2016-02-15,EverGlow,Black,5-hour,"Perfect for in your tent, this lamp comes with a 6V battery.  Complete with shade and hanging hook.",$14.76,$27.81
41110,Camping Equipment,Lanterns,Flicker Lantern,2016-01-10,Firefly,Orange,8-hour,"Simple to use, just requires a candle to be inserted and lit.  Windproof, lasts for hours.",$15.62,$35.09
42110,Mountaineering Equipment,Rope,Husky Rope 50,2016-01-10,Husky,Red,50 m,11 mm diameter standard rope. Length: 50 m.  Weight: 78 g per meter. Impact Force: 7.2 kN. Static Elongation: 7.8%. Number of UIAA Falls: 16.,$100.91,$160.00
43110,Mountaineering Equipment,Rope,Husky Rope 60,2016-01-10,Husky,Red,60 m,11 mm diameter standard rope. Length: 60 m.  Weight: 78 g per meter. Impact Force: 7.2 kN. Static Elongation: 7.8%. Number of UIAA Falls: 16.,$126.51,$190.00
44110,Mountaineering Equipment,Rope,Husky Rope 100,2016-01-10,Husky,Blue,100 m,11 mm diameter standard rope. Length: 100 m.  Weight: 78 g per meter. Impact Force: 7.2 kN. Static Elongation: 7.8%. Number of UIAA Falls: 16.,$227.69,$346.66
45110,Mountaineering Equipment,Rope,Husky Rope 200,2016-01-10,Husky,Blue,200 m,11 mm diameter standard rope. Length: 200 m.  Weight: 78 g per meter. Impact Force: 7.2 kN. Static Elongation: 7.8%. Number of UIAA Falls: 16.,$370.35,$574.98
46110,Mountaineering Equipment,Safety,Granite Climbing Helmet,2016-01-10,Granite,Orange,One-size,"This UIAA approved helmet fits adults and kids, suitable for rock and alpine use.",$52.54,$74.00
47110,Mountaineering Equipment,Safety,Husky Harness,2016-01-10,Husky,Black,One-size,One size fits all due to extensive waist belt adjustment and fully adjustable leg loops.,$43.77,$65.00
48110,Mountaineering Equipment,Safety,Husky Harness Extreme,2016-01-10,Extreme,Black,One-size,One size fits all. Top of the range fully adjustable technical harness. Ultra high strength belay loop rated in excess of 30kN. Rear haul loop rated to 10kN.,$53.93,$110.00
49110,Mountaineering Equipment,Safety,Granite Signal Mirror,2016-01-10,Granite,Grey,Small,Day or night signal mirror with gridded sighting hole.  6mm laminated glass. Soft carrying case included. Size: 8 x 13 cm. Weight: 400 g.,$15.47,$33.00
50110,Mountaineering Equipment,Climbing Accessories,Granite Carabiner,2016-01-10,Granite,Silver,12 mm,Made from 12 mm rod stock aluminum and a radius suitable for almost any rope size. Locks tight with almost any belay/rappel combination. Individually tested.,$1.96,$4.00
51110,Mountaineering Equipment,Climbing Accessories,Granite Belay,2016-01-10,Granite,Black,Unspecified,The Granite Belay is an ingenious single rope belay device that uses carabiner movement to brake the rope.,$34.47,$70.00
52110,Mountaineering Equipment,Climbing Accessories,Granite Pulley,2016-01-10,Granite,Black,Unspecified,"Light, simple and strong, a great all purpose pulley.",$18.35,$38.00
53110,Mountaineering Equipment,Climbing Accessories,Firefly Climbing Lamp,2016-01-10,Firefly,Grey,12-hour,"This climbing lamp is water-resistant. It comes with two bulbs, standard and halogen. Includes one 6V halogen bulb and one 6V standard bulb. Weight: 200g.",$21.57,$39.99
54110,Mountaineering Equipment,Climbing Accessories,Firefly Charger,2016-01-10,Firefly,Black,Unspecified,"Power charger for the Firefly Climbing Lamp. The charger cannot overcharge the Firefly battery, so you can leave it in the charger without worrying.",$22.36,$52.99
55110,Mountaineering Equipment,Climbing Accessories,Firefly Rechargeable Battery,2016-01-10,Firefly,Yellow,Unspecified,"Rechargeable battery pack for the Firefly Climbing Lamp. Each charge gives 3 hours of light with a halogen bulb and 9 hours with standard bulb. Battery may be recharged up to 1,000 times.",$3.15,$8.00
56110,Mountaineering Equipment,Climbing Accessories,Granite Chalk Bag,2016-01-10,Granite,Multicolored,Medium,Nylon web bag perfect for holding several sticks of chalk.,$8.53,$18.00
57110,Mountaineering Equipment,Tools,Granite Ice,2016-01-10,Granite,Silver,30 cm,A general purpose mountaineering axe for snow and glacier travel. Excellent mid-weight axe. Weight: 638 g,$38.97,$80.00
58110,Mountaineering Equipment,Tools,Granite Hammer,2016-01-10,Granite,Brown,30 cm,A solid hammer made with a solid hard wood handle and steel head.  Weight: 800g.,$56.88,$79.98
59110,Mountaineering Equipment,Tools,Granite Shovel,2016-01-10,Granite,Black,55 cm,Shovel has removable aluminum handle and heat treated aluminum blade.,$37.07,$59.99
60110,Mountaineering Equipment,Tools,Granite Grip,2016-01-10,Granite,Red,12 cm,"All-purpose stainless steel pliers. Sheath included. Length (closed) 12cm, (open) 16 cm. Weight: 200 g.",$9.89,$20.00
61110,Mountaineering Equipment,Tools,Granite Axe,2016-01-10,Granite,Brown,61 cm,Camping axe with clear coated wood handle.,$19.52,$40.00
62110,Mountaineering Equipment,Tools,Granite Extreme,2016-01-10,Extreme,Silver,25 cm,"The Edge Extreme is a collapsible plier-shaped gadget, three knife blades, file and scissors, perfect for the outdoors.  Carrying case included.",$46.52,$80.00
63110,Personal Accessories,Watches,Mountain Man Analog,2016-02-15,Mountain Man,Green,Men's,"Padded leather strap, precision Swiss quartz movement, sweep second hand, 24-hour time ring, luminous hands and markers, hardened mineral crystal.",$30.00,$48.88
63130,Personal Accessories,Watches,Mountain Man Analog,2016-01-01,Mountain Man,Orange,Women's,"Padded leather strap, precision Swiss quartz movement, sweep second hand, 24-hour time ring, luminous hands and markers, hardened mineral crystal.",$30.00,$48.88
63140,Personal Accessories,Watches,Mountain Man Analog,2016-01-01,Mountain Man,Orange,Men's,"Padded leather strap, precision Swiss quartz movement, sweep second hand, 24-hour time ring, luminous hands and markers, hardened mineral crystal.",$30.00,$48.88
64110,Personal Accessories,Watches,Mountain Man Digital,2016-02-15,Mountain Man,Blue,One-size,"Tough rubber strap, digital face, hardened crystal, water-resistant to 50 meters.",$20.00,$41.61
65110,Personal Accessories,Watches,Mountain Man Deluxe,2018-03-05,Mountain Man,Red,Women's,"Tough rubber strap, precision Swiss quartz movement, imbedded digital face, luminous hands and markers, hardened mineral crystal, start and stop buttons, water-resistant to 50 meters.",$39.00,$81.55
65120,Personal Accessories,Watches,Mountain Man Deluxe,2017-01-01,Mountain Man,Red,Men's,"Tough rubber strap, precision Swiss quartz movement, imbedded digital face, luminous hands and markers, hardened mineral crystal, start and stop buttons, water-resistant to 50 meters.",$39.00,$81.55
66110,Personal Accessories,Watches,Mountain Man Combination,2018-03-05,Mountain Man,Black,One-size,"Combination watch, altimeter, compass and barometric gauge.  Heavy duty rubber strap,  hardened mineral crystal.",$45.00,$98.01
67110,Personal Accessories,Watches,Mountain Man Extreme,2016-10-26,Extreme,Silver,One-size,"Solid titanium case, crown, bezel.  Combination nylon and rubber strap. Analog representation on digital interface.  Backlit, hardened mineral crystal, water-resistant to 100 meters.",$116.19,$294.38
68110,Personal Accessories,Eyewear,Polar Sun,2016-02-15,Polar,Silver,Women's,"The Polar Sun sunglasses have 3 mm thick lenses, which makes excellent protective eyewear for sport and safety.",$26.08,$61.84
68120,Personal Accessories,Eyewear,Polar Sun,2016-01-01,Polar,Blue,Men's,"The Polar Sun sunglasses have 3 mm thick lenses, which makes excellent protective eyewear for sport and safety.",$26.08,$61.84
68190,Personal Accessories,Eyewear,Polar Sun,2016-01-01,Polar,Blue,Women's,"The Polar Sun sunglasses have 3 mm thick lenses, which makes excellent protective eyewear for sport and safety.",$26.05,$61.84
68200,Personal Accessories,Eyewear,Polar Sun,2016-01-01,Polar,Red,Men's,"The Polar Sun sunglasses have 3 mm thick lenses, which makes excellent protective eyewear for sport and safety.",$26.07,$61.84
68220,Personal Accessories,Eyewear,Polar Sun,2016-01-01,Polar,Yellow,Women's,"The Polar Sun sunglasses have 3 mm thick lenses, which makes excellent protective eyewear for sport and safety.",$26.05,$61.84
68230,Personal Accessories,Eyewear,Polar Sun,2016-01-01,Polar,Red,Women's,"The Polar Sun sunglasses have 3 mm thick lenses, which makes excellent protective eyewear for sport and safety.",$26.06,$61.84
68240,Personal Accessories,Eyewear,Polar Sun,2016-01-01,Polar,Silver,Men's,"The Polar Sun sunglasses have 3 mm thick lenses, which makes excellent protective eyewear for sport and safety.",$26.05,$61.84
68250,Personal Accessories,Eyewear,Polar Sun,2016-01-01,Polar,Yellow,Men's,"The Polar Sun sunglasses have 3 mm thick lenses, which makes excellent protective eyewear for sport and safety.",$26.08,$61.84
69110,Personal Accessories,Eyewear,Polar Ice,2016-02-15,Polar,Black,Men's,Polar Ice sunglasses have polarized lenses to combat glare from snow. Unbreakable nylon frame.,$49.69,$109.25
69120,Personal Accessories,Eyewear,Polar Ice,2016-01-01,Polar,Black,Women's,Polar Ice sunglasses have polarized lenses to combat glare from snow. Unbreakable nylon frame.,$49.69,$110.00
70110,Personal Accessories,Eyewear,Polar Sports,2017-01-01,Polar,Blue,Men's,Six base classic nylon composite frame sunglasses with wire core temples.,$58.88,$122.70
70120,Personal Accessories,Eyewear,Polar Sports,2017-01-01,Polar,Blue,Women's,Six base classic nylon composite frame sunglasses with wire core temples.,$58.88,$122.70
70140,Personal Accessories,Eyewear,Polar Sports,2017-01-01,Polar,Red,Men's,Six base classic nylon composite frame sunglasses with wire core temples.,$58.88,$122.70
70160,Personal Accessories,Eyewear,Polar Sports,2017-01-01,Polar,Yellow,Men's,Six base classic nylon composite frame sunglasses with wire core temples.,$58.88,$122.70
70200,Personal Accessories,Eyewear,Polar Sports,2017-01-01,Polar,Red,Women's,Six base classic nylon composite frame sunglasses with wire core temples.,$58.88,$122.70
70240,Personal Accessories,Eyewear,Polar Sports,2018-03-05,Polar,Silver,Men's,Six base classic nylon composite frame sunglasses with wire core temples.,$58.88,$122.70
70250,Personal Accessories,Eyewear,Polar Sports,2018-01-01,Polar,Yellow,Women's,Six base classic nylon composite frame sunglasses with wire core temples.,$58.88,$122.70
71110,Personal Accessories,Eyewear,Polar Wave,2018-03-05,Polar,Black,One-size,"Acrylex lenses in the Polar Wave sunglasses absorb up to 90% of visible light, 96% ultraviolet, and 82% infrared light. Unbreakable nylon frames.",$40.95,$95.62
72110,Personal Accessories,Eyewear,Polar Extreme,2016-10-26,Extreme,Black,One-size,Ideal for skiing and winter mountaineering. Frame is durable polyurethane with soft interior foam and adjustable woven elastic band providing an excellent fit. Weight: 139 g.,$72.50,$148.30
73110,Personal Accessories,Knives,Single Edge,2016-02-15,Edge,Black,9.5 cm,"Single stainless steel blade folding knife. Length: (closed) 5 cm, (blade) 4.5 cm. Blade thickness 2 mm.  Weight: 90 g.",$8.56,$12.78
74110,Personal Accessories,Knives,Double Edge,2016-02-15,Edge,Red,14.5 cm,"Double stainless steel blade folding knife. Length: (closed) 6 cm, (blades) 5.5 cm and 3 cm. Blade thickness: 2 mm. Weight: 110 g.",$11.43,$16.64
75110,Personal Accessories,Knives,Edge Extreme,2016-10-26,Extreme,Red,14.5 cm,"Multi-purpose pocketknife ruggedly constructed of stainless steel.  Includes 4 different blades, corkscrew, saw, scissors, pliers and more.",$80.00,$119.69
76110,Personal Accessories,Knives,Bear Edge,2016-02-15,Edge,Black,33 cm,Knife is 33 cm long with a 20 cm blade made of surgical stainless steel. The handle is laminated wood. The custom made sheath is black leather.,$23.53,$40.52
77110,Personal Accessories,Knives,Bear Survival Edge,2016-10-26,Edge,Silver,23 cm,Features a 23 cm razor edge blade tempered from a special blend of stainless steel. The hollow handle has a compartment containing survival gear including a compass. Overall length: 36cm.,$45.70,$92.29
78110,Personal Accessories,Binoculars,Seeker 35,2016-02-15,Seeker,Black,Unspecified,"This 7 x 35 model is economical and performs well optically. Fully coated lenses, compact and  lightweight. Rubber covered for secure and comfortable grip. Soft carrying case included.",$71.19,$105.29
79110,Personal Accessories,Binoculars,Seeker 50,2016-02-15,Seeker,Black,Unspecified,Rubber coated and ergonomically designed. The wide angle of view of 10 x 50 keeps more of your subject in view at high magnification. Soft carrying case included.,$92.58,$134.11
80110,Personal Accessories,Binoculars,Seeker Extreme,2018-03-05,Extreme,Black,Unspecified,"These ergonomic binoculars are light-weight and easy to hold.  Strong construction make them impervious to water, fog and thermal shocks. Soft carrying case included.",$94.12,$182.67
81110,Personal Accessories,Binoculars,Seeker Mini,2018-03-05,Seeker,Black,Unspecified,"This 8 x 22 model is economical and performs well optically. Fully coated lenses, compact and  light-weight. Rubber covered for secure and comfortable grip. Soft carrying case included.",$40.00,$85.56
82110,Personal Accessories,Navigation,Glacier Basic,2018-03-05,Glacier,Silver,Unspecified,Traditional magnetic compass in a stainless steel casing.,$19.93,$32.72
83110,Personal Accessories,Navigation,Glacier Deluxe,2018-03-05,Glacier,Black,Unspecified,Magnetic Compass has a large sighting mirror with v-notch allowing for quick acquisition and accurate bearings to distant landmarks.,$54.44,$96.44
84110,Personal Accessories,Navigation,Glacier GPS,2018-03-05,Glacier,Black,Unspecified,"Global Positioning System that is small, lightweight, and rugged. Incredibly easy to use, dedicated operation keys, and three user-friendly navigation screens.",$74.06,$113.97
85110,Personal Accessories,Navigation,Glacier GPS Extreme,2015-06-12,Extreme,Black,Unspecified,"Hand held GPS receiver with color display. Incredibly easy to use, three user-friendly navigation screens, and saves two routes. Up to 20 hours of battery life just on two AA batteries.",$176.47,$359.60
86110,Outdoor Protection,Insect Repellents,BugShield Natural,2016-02-15,BugShield,Clear,100 ml,"Contains no chemicals. Repels mosquitoes, black flies, biting midges, and fleas effectively. Safe for children and environmentally sound.  Active ingredient: Citronella 10%. 100 ml.",$1.86,$6.00
87110,Outdoor Protection,Insect Repellents,BugShield Spray,2016-02-15,BugShield,Clear,100 ml,"Repels black flies, ticks, mosquitoes, chiggers, deer flies and stable flies. Protects against Lyme ticks. Contains 23.75% active ingredient. Clear, odorless formula. 100 ml.",$1.83,$6.01
88110,Outdoor Protection,Insect Repellents,BugShield Lotion Lite,2016-02-15,BugShield,Clear,100 ml,"Repels black flies, ticks, mosquitoes, chiggers, deer flies and stable flies. Contains 8.75% active ingredient for a lighter application. Odorless cream. 100 ml.",$1.88,$7.00
89110,Outdoor Protection,Insect Repellents,BugShield Lotion,2016-02-15,BugShield,Clear,100 ml,"Repels black flies, ticks, mosquitoes, chiggers, deer flies and stable flies. Protects against Lyme ticks. Contains 23.75% active ingredient. Odorless cream. 100 ml.",$2.33,$7.00
90110,Outdoor Protection,Insect Repellents,BugShield Extreme,2016-02-15,Extreme,Clear,100 ml,"Highest amount of the active ingredient, 38%, for up to 10 hours of protection. Repels black flies, ticks, mosquitoes, deer flies and stable flies. Clear, odorless formula. 100 ml.",$2.42,$7.00
91110,Outdoor Protection,Sunscreen,Sun Blocker,2016-02-15,Sun,White,330 ml,"Sun Blocker is waterproof and lasts up to eight hours. It contains natural skin conditioners and moisturizers, as well as titanium dioxide for the ultimate level of protection.",$1.95,$5.00
92110,Outdoor Protection,Sunscreen,Sun Shelter Stick,2016-02-15,Sun,White,250 ml,"Easy to apply to your nose, lips, ears and other sensitive areas. Provides long-lasting protection from sun, wind and water to keep your skin soft and moist.",$1.96,$5.00
93110,Outdoor Protection,Sunscreen,Sun Shelter 15,2016-02-15,Sun,White,330 ml,SPF 15 protects against all harmful rays.,$1.79,$4.99
94110,Outdoor Protection,Sunscreen,Sun Shelter 30,2016-02-15,Sun,White,330 ml,SPF 30 provides maximum protection and is long-lasting.,$1.85,$5.00
95110,Outdoor Protection,Sunscreen,Sun Shield,2016-02-15,Sun,White,250 ml,"PABA free sunscreen, SPF 30, poison oak and ivy protectant, waterproof, insect repellent against fleas, mosquitoes, deer ticks, gnats.  Moisturizer contains Vitamin E and Lanolin.",$2.76,$6.00
96110,Outdoor Protection,First Aid,Compact Relief Kit,2016-02-15,Relief,White,30-piece,"A personal first aid kit is recommended for every outdoor hiker or camper. Contains basic wound management, advanced infectious control, and more. Size: 17 x 10 x 7 cm. Weight: 0.3 kg.",$9.03,$23.00
97110,Outdoor Protection,First Aid,Deluxe Family Relief Kit,2018-03-05,Relief,White,60-piece,"A complete medical kit suitable for families with children.  Contains cough syrup, oral rehydration salts, advanced wound management, and more.  Size: 22 x 12 x 7 cm. Weight: 0.6 kg.",$16.68,$35.00
98110,Outdoor Protection,First Aid,Calamine Relief,2016-02-15,Relief,Clear,250 ml,"Use the Calamine Relief for allergic skin reactions, helps combat itching and swelling.",$2.83,$6.00
99110,Outdoor Protection,First Aid,Aloe Relief,2016-02-15,Relief,Clear,330 ml,"Perfect for minor burns and sunburn, the aloe vera provides quick relief.",$1.92,$5.23
100110,Outdoor Protection,First Aid,Insect Bite Relief,2016-02-15,Relief,Clear,250 ml,The Insect Bite Relief helps the itching and swelling caused by most insect bites.,$2.76,$6.00
101110,Golf Equipment,Irons,Hailstorm Steel Irons,2015-12-15,Hailstorm,Silver,Men's,Iron is 17-4 stainless steel.  Shafts are graphite with a frequency matched throughout the set. Includes 3 iron to Pitching Wedge.,$239.71,$498.45
102110,Golf Equipment,Irons,Hailstorm Titanium Irons,2015-12-10,Hailstorm,Silver,Men's,Made entirely of pure titanium. The ultimate in golf club technology. Lightweight graphite shaft and light overall weight. Includes 3 iron to Pitching Wedge.,$466.57,$928.53
103110,Golf Equipment,Irons,Lady Hailstorm Steel Irons,2015-12-10,Hailstorm,Silver,Women's,Iron is 17-4 stainless steel.  Shafts are graphite with a frequency matched throughout the set. Includes 3 iron to Pitching Wedge.,$277.76,$532.75
104110,Golf Equipment,Irons,Lady Hailstorm Titanium Irons,2015-12-18,Hailstorm,Silver,Women's,Made entirely of pure titanium. A wider sole and loft system to help you get the ball airborne with less effort. Includes 3 iron to Pitching Wedge.,$441.97,$889.02
105110,Golf Equipment,Woods,Hailstorm Titanium Woods Set,2015-12-27,Hailstorm,Bronze,Men's,"Crafted of 6-4 titanium which is 40% lighter and 20% stronger than 17-4 steel.  Includes 3 Wood, 5 Wood and 12 degree driver.",$648.72,"$1,271.08"
106110,Golf Equipment,Woods,Hailstorm Steel Woods Set,2015-12-05,Hailstorm,Mahogany,Men's,"These steel woods are manufactured to exact tolerances to ensure maximum transfer of energy between the club head and the golf ball. Includes 3 Wood, 5 Wood and 12 degree driver.",$384.45,$798.56
107110,Golf Equipment,Woods,Lady Hailstorm Titanium Woods Set,2015-01-13,Hailstorm,Bronze,Women's,"Crafted of 6-4 titanium which is 40% lighter and 20% stronger than 17-4 steel. Includes 3 Wood, 5 Wood and 12 degree driver.",$637.81,"$1,359.72"
108110,Golf Equipment,Woods,Lady Hailstorm Steel Woods Set,2015-12-27,Hailstorm,Mahogany,Women's,"These steel woods are manufactured to exact tolerances to ensure maximum transfer of energy between the club head and the golf ball. Includes 3 Wood, 5 Wood and 12 degree driver.",$449.13,$910.82
109110,Golf Equipment,Putters,Course Pro Putter,2015-12-10,Course Pro,Brass,One-size,High quality putter is cast  from a soft yellow brass alloy to give the putter its uniquely soft feel at impact.,$31.12,$74.96
110110,Golf Equipment,Putters,Blue Steel Putter,2015-12-10,Blue Steel,Black,One-size,This premium putter has copper mixed with lightweight aluminum for a smooth touch.,$41.20,$90.95
111110,Golf Equipment,Putters,Blue Steel Max Putter,2015-12-15,Blue Steel,Bronze,One-size,Putter head is composed from a single piece of the softest carbon steel for optimum feel.,$89.41,$180.63
112110,Golf Equipment,Golf Accessories,Course Pro Golf and Tee Set,2015-01-10,Course Pro,Multicolored,Unspecified,Set includes two premium golf ball and an assortment of wooden golf tees.,$2.88,$10.64
113110,Golf Equipment,Golf Accessories,Course Pro Umbrella,2015-01-15,Course Pro,Red,Large,Large red and white patterned golf umbrella.,$6.08,$12.81
114110,Golf Equipment,Golf Accessories,Course Pro Golf Bag,2015-12-15,Course Pro,Grey,Unspecified,High quality golf bag that includes carrying strap and large front pocket.,$79.70,$219.30
115110,Golf Equipment,Golf Accessories,Course Pro Gloves,2015-12-27,Course Pro,Red,Medium,Durable nylon constructed gloves with stitched leather palm.,$2.54,$10.71
122110,Personal Accessories,Eyewear,Bella,2017-01-01,Antoni,Blue,Junior,The Bella collection bonds the famous functionality factor with dynamic styling and luminous color.,$36.43,$67.50
122120,Personal Accessories,Eyewear,Bella,2015-01-01,Antoni,Pink,Women's,The Bella collection bonds the famous functionality factor with dynamic styling and luminous color.,$36.44,$66.95
122130,Personal Accessories,Eyewear,Bella,2016-01-01,Antoni,Silver,Junior,The Bella collection bonds the famous functionality factor with dynamic styling and luminous color.,$43.80,$75.00
122140,Personal Accessories,Eyewear,Bella,2017-04-01,Antoni,White,Junior,The Bella collection bonds the famous functionality factor with dynamic styling and luminous color.,$36.16,$67.50
122150,Personal Accessories,Eyewear,Bella,2018-06-01,Antoni,Yellow,Junior,The Bella collection bonds the famous functionality factor with dynamic styling and luminous color.,$35.89,$67.50
123110,Personal Accessories,Eyewear,Capri,2015-10-01,Antoni,Green,Women's,Capri sunglasses are a style icon. Lenses incorporate sun-activated tinting and anti-glare coatings for consistent focus.,$25.17,$38.30
123120,Personal Accessories,Eyewear,Capri,2015-01-01,Antoni,Orange,Women's,Capri sunglasses are a style icon. Lenses incorporate sun-activated tinting and anti-glare coatings for consistent focus.,$24.78,$37.94
123130,Personal Accessories,Eyewear,Capri,2018-04-01,Antoni,Pink,Women's,Capri sunglasses are a style icon. Lenses incorporate sun-activated tinting and anti-glare coatings for consistent focus.,$24.63,$38.30
123140,Personal Accessories,Eyewear,Capri,2016-10-01,Antoni,Red,Women's,Capri sunglasses are a style icon. Lenses incorporate sun-activated tinting and anti-glare coatings for consistent focus.,$24.92,$38.30
123150,Personal Accessories,Eyewear,Capri,2017-10-01,Antoni,White,Women's,Capri sunglasses are a style icon. Lenses incorporate sun-activated tinting and anti-glare coatings for consistent focus.,$24.72,$38.30
123160,Personal Accessories,Eyewear,Capri,2015-01-01,Antoni,Yellow,Women's,Capri sunglasses are a style icon. Lenses incorporate sun-activated tinting and anti-glare coatings for consistent focus.,$24.65,$37.88
124110,Personal Accessories,Eyewear,Cat Eye,2015-01-01,Trakker,Brown,Women's,"Cat Eye sunglasses are made with a vibrant, high-density plastic. Lenses are scratch resistant.",$18.05,$26.69
124120,Personal Accessories,Eyewear,Cat Eye,2015-10-01,Trakker,Green,Women's,"Cat Eye sunglasses are made with a vibrant, high-density plastic. Lenses are scratch resistant.",$18.31,$26.80
124130,Personal Accessories,Eyewear,Cat Eye,2015-01-01,Trakker,Orange,Women's,"Cat Eye sunglasses are made with a vibrant, high-density plastic. Lenses are scratch resistant.",$17.97,$26.51
124140,Personal Accessories,Eyewear,Cat Eye,2015-01-01,Trakker,Pink,Women's,"Cat Eye sunglasses are made with a vibrant, high-density plastic. Lenses are scratch resistant.",$18.13,$26.63
124150,Personal Accessories,Eyewear,Cat Eye,2017-04-01,Trakker,Red,Women's,"Cat Eye sunglasses are made with a vibrant, high-density plastic. Lenses are scratch resistant.",$18.06,$26.80
124160,Personal Accessories,Eyewear,Cat Eye,2017-10-01,Trakker,White,Women's,"Cat Eye sunglasses are made with a vibrant, high-density plastic. Lenses are scratch resistant.",$17.94,$26.80
124170,Personal Accessories,Eyewear,Cat Eye,2016-09-01,Trakker,Yellow,Women's,"Cat Eye sunglasses are made with a vibrant, high-density plastic. Lenses are scratch resistant.",$18.19,$26.80
124180,Personal Accessories,Eyewear,Cat Eye,2017-10-01,Trakker,Camouflage,Women's,"Cat Eye sunglasses are made with a vibrant, high-density plastic. Lenses are scratch resistant.",$20.14,$30.50
124190,Personal Accessories,Eyewear,Cat Eye,2015-01-01,Trakker,Black,Women's,"Cat Eye sunglasses are made with a vibrant, high-density plastic. Lenses are scratch resistant.",$28.17,$43.64
125110,Personal Accessories,Watches,Venue,2015-01-01,Relax,Black,One-size,"The Venue has a fun and fashionable oversized watch face, with a bright colored synthetic leather strap.",$41.50,$71.93
125120,Personal Accessories,Watches,Venue,2015-01-01,Relax,Green,One-size,"The Venue has a fun and fashionable oversized watch face, with a bright colored synthetic leather strap.",$41.58,$72.00
125130,Personal Accessories,Watches,Venue,2018-07-01,Relax,Orange,One-size,"The Venue has a fun and fashionable oversized watch face, with a bright colored synthetic leather strap.",$41.30,$73.00
125140,Personal Accessories,Watches,Venue,2015-01-01,Relax,Pink,One-size,"The Venue has a fun and fashionable oversized watch face, with a bright colored synthetic leather strap.",$41.23,$71.37
125150,Personal Accessories,Watches,Venue,2016-04-01,Relax,Red,One-size,"The Venue has a fun and fashionable oversized watch face, with a bright colored synthetic leather strap.",$42.04,$73.00
125160,Personal Accessories,Watches,Venue,2017-10-01,Relax,White,One-size,"The Venue has a fun and fashionable oversized watch face, with a bright colored synthetic leather strap.",$41.54,$73.00
125170,Personal Accessories,Watches,Venue,2015-01-01,Relax,Yellow,One-size,"The Venue has a fun and fashionable oversized watch face, with a bright colored synthetic leather strap.",$39.84,$70.00
126110,Personal Accessories,Eyewear,Dante,2015-01-01,Antoni,Blue,Women's,Dante sunglasses have polarized antiglare lenses.  The frames come in a range of brilliant colors.,$26.04,$43.20
126120,Personal Accessories,Eyewear,Dante,2016-06-01,Antoni,Orange,Women's,Dante sunglasses have polarized antiglare lenses.  The frames come in a range of brilliant colors.,$28.47,$43.85
126130,Personal Accessories,Eyewear,Dante,2015-01-01,Antoni,Pink,Women's,Dante sunglasses have polarized antiglare lenses.  The frames come in a range of brilliant colors.,$28.14,$43.45
126140,Personal Accessories,Eyewear,Dante,2015-01-01,Antoni,Red,Women's,Dante sunglasses have polarized antiglare lenses.  The frames come in a range of brilliant colors.,$28.21,$43.68
126150,Personal Accessories,Eyewear,Dante,2017-06-01,Antoni,Silver,Women's,Dante sunglasses have polarized antiglare lenses.  The frames come in a range of brilliant colors.,$31.41,$48.25
127110,Personal Accessories,Eyewear,Fairway,2015-01-01,Alpha,Black,Men's,Fairway sunglasses offer complete ultraviolet protection and have a patented soft-frame construction for perfect comfort and fit.,$12.10,$20.37
127120,Personal Accessories,Eyewear,Fairway,2017-01-01,Alpha,Blue,Men's,Fairway sunglasses offer complete ultraviolet protection and have a patented soft-frame construction for perfect comfort and fit.,$12.28,$20.80
127130,Personal Accessories,Eyewear,Fairway,2015-01-01,Alpha,Brown,Men's,Fairway sunglasses offer complete ultraviolet protection and have a patented soft-frame construction for perfect comfort and fit.,$12.15,$20.51
127140,Personal Accessories,Eyewear,Fairway,2017-08-01,Alpha,Green,Men's,Fairway sunglasses offer complete ultraviolet protection and have a patented soft-frame construction for perfect comfort and fit.,$12.42,$21.18
127150,Personal Accessories,Eyewear,Fairway,2015-01-01,Alpha,Orange,Men's,Fairway sunglasses offer complete ultraviolet protection and have a patented soft-frame construction for perfect comfort and fit.,$11.86,$20.15
128110,Personal Accessories,Eyewear,Inferno,2017-08-01,Epoch,Green,Women's,"Inferno sunglasses have polarized, antiglare lenses and fiberglass frames. They come with a 5 year warranty.",$36.15,$67.50
128120,Personal Accessories,Eyewear,Inferno,2018-06-01,Epoch,Orange,Women's,"Inferno sunglasses have polarized, antiglare lenses and fiberglass frames. They come with a 5 year warranty.",$35.89,$67.50
128130,Personal Accessories,Eyewear,Inferno,2017-04-01,Epoch,Red,Women's,"Inferno sunglasses have polarized, antiglare lenses and fiberglass frames. They come with a 5 year warranty.",$36.09,$67.50
128140,Personal Accessories,Eyewear,Inferno,2015-01-01,Epoch,Black,Men's,"Inferno sunglasses have polarized, antiglare lenses and fiberglass frames. They come with a 5 year warranty.",$39.47,$65.61
128150,Personal Accessories,Eyewear,Inferno,2015-01-01,Epoch,Blue,Men's,"Inferno sunglasses have polarized, antiglare lenses and fiberglass frames. They come with a 5 year warranty.",$39.26,$65.19
128160,Personal Accessories,Eyewear,Inferno,2018-01-01,Epoch,Green,Men's,"Inferno sunglasses have polarized, antiglare lenses and fiberglass frames. They come with a 5 year warranty.",$39.98,$67.60
128170,Personal Accessories,Eyewear,Inferno,2018-04-01,Epoch,Red,Men's,"Inferno sunglasses have polarized, antiglare lenses and fiberglass frames. They come with a 5 year warranty.",$39.81,$67.60
128180,Personal Accessories,Eyewear,Inferno,2017-08-01,Epoch,Silver,Men's,"Inferno sunglasses have polarized, antiglare lenses and fiberglass frames. They come with a 5 year warranty.",$45.71,$74.88
128190,Personal Accessories,Eyewear,Inferno,2015-01-01,Epoch,Yellow,Men's,"Inferno sunglasses have polarized, antiglare lenses and fiberglass frames. They come with a 5 year warranty.",$38.93,$65.00
128200,Personal Accessories,Eyewear,Inferno,2016-10-01,Epoch,Camouflage,Men's,"Inferno sunglasses have polarized, antiglare lenses and fiberglass frames. They come with a 5 year warranty.",$40.58,$72.07
128210,Personal Accessories,Eyewear,Inferno,2016-01-01,Epoch,Black,Women's,"Inferno sunglasses have polarized, antiglare lenses and fiberglass frames. They come with a 5 year warranty.",$34.34,$62.65
129110,Personal Accessories,Watches,Infinity,2015-10-01,Epoch,Black,Women's,The Infinity offers the highest quality Swiss movement and comes with a life-time warranty.,$118.57,$225.46
129120,Personal Accessories,Watches,Infinity,2017-01-01,Epoch,Blue,Women's,The Infinity offers the highest quality Swiss movement and comes with a life-time warranty.,$119.79,$227.83
129130,Personal Accessories,Watches,Infinity,2015-02-01,Epoch,Red,Women's,The Infinity offers the highest quality Swiss movement and comes with a life-time warranty.,$118.05,$224.49
129140,Personal Accessories,Watches,Infinity,2018-04-01,Epoch,Yellow,Men's,The Infinity offers the highest quality Swiss movement and comes with a life-time warranty.,$120.71,$229.60
129150,Personal Accessories,Watches,Infinity,2016-01-01,Epoch,Black,Men's,The Infinity offers the highest quality Swiss movement and comes with a life-time warranty.,$145.27,$248.54
129160,Personal Accessories,Watches,Infinity,2015-01-01,Epoch,Yellow,Men's,The Infinity offers the highest quality Swiss movement and comes with a life-time warranty.,$139.85,$240.00
129170,Personal Accessories,Watches,Infinity,2017-01-01,Epoch,Blue,Men's,The Infinity offers the highest quality Swiss movement and comes with a life-time warranty.,$138.14,$249.00
129180,Personal Accessories,Watches,Infinity,2015-01-01,Epoch,Red,Men's,The Infinity offers the highest quality Swiss movement and comes with a life-time warranty.,$137.69,$248.26
130110,Personal Accessories,Watches,Lux,2015-01-01,Xray,Black,One-size,The Lux watch is a precision Swiss quartz movement. It comes with a 10 year warranty.,$85.92,$165.85
130120,Personal Accessories,Watches,Lux,2017-10-01,Xray,Brown,One-size,The Lux watch is a precision Swiss quartz movement. It comes with a 10 year warranty.,$84.96,$167.20
130130,Personal Accessories,Watches,Lux,2015-01-01,Xray,Silver,One-size,The Lux watch is a precision Swiss quartz movement. It comes with a 10 year warranty.,$94.07,$178.27
130140,Personal Accessories,Watches,Lux,2018-01-01,Xray,White,One-size,The Lux watch is a precision Swiss quartz movement. It comes with a 10 year warranty.,$84.72,$167.20
130150,Personal Accessories,Watches,Lux,2018-04-01,Xray,Yellow,One-size,The Lux watch is a precision Swiss quartz movement. It comes with a 10 year warranty.,$84.58,$167.20
131110,Personal Accessories,Knives,Max Gizmo,2015-05-01,Trakker,Red,11 cm,"A versatile pocket tool that includes LED light, 1GB memory stick, pen, serrated blade, corkscrew and serrated cutter. Comes with a life time warranty.",$18.15,$39.31
131120,Personal Accessories,Knives,Max Gizmo,2015-01-01,Trakker,Silver,11 cm,"A versatile pocket tool that includes LED light, 1GB memory stick, pen, serrated blade, corkscrew and serrated cutter. Comes with a life time warranty.",$18.17,$39.34
131130,Personal Accessories,Knives,Max Gizmo,2017-01-01,Trakker,Camouflage,11 cm,"A versatile pocket tool that includes LED light, 1GB memory stick, pen, serrated blade, corkscrew and serrated cutter. Comes with a life time warranty.",$17.05,$40.50
132110,Personal Accessories,Eyewear,Maximus,2015-01-01,Alpha,Black,Men's,Maximus sunglasses are the most durable eyewear on the market. They come with a 5-year unconditional warranty.,$40.65,$81.22
132120,Personal Accessories,Eyewear,Maximus,2015-01-01,Alpha,Brown,Men's,Maximus sunglasses are the most durable eyewear on the market. They come with a 5-year unconditional warranty.,$40.47,$80.45
132130,Personal Accessories,Eyewear,Maximus,2015-01-01,Alpha,Orange,Men's,Maximus sunglasses are the most durable eyewear on the market. They come with a 5-year unconditional warranty.,$39.68,$80.00
132140,Personal Accessories,Eyewear,Maximus,2017-06-01,Alpha,Red,Men's,Maximus sunglasses are the most durable eyewear on the market. They come with a 5-year unconditional warranty.,$41.42,$83.87
132150,Personal Accessories,Eyewear,Maximus,2016-04-01,Alpha,Silver,Men's,Maximus sunglasses are the most durable eyewear on the market. They come with a 5-year unconditional warranty.,$46.07,$90.00
132160,Personal Accessories,Eyewear,Maximus,2015-01-01,Alpha,Yellow,Men's,Maximus sunglasses are the most durable eyewear on the market. They come with a 5-year unconditional warranty.,$39.52,$80.00
132170,Personal Accessories,Eyewear,Maximus,2015-08-01,Alpha,Camouflage,Men's,Maximus sunglasses are the most durable eyewear on the market. They come with a 5-year unconditional warranty.,$41.34,$86.70
133110,Personal Accessories,Binoculars,Opera Vision,2015-01-01,Antoni,Camouflage,Unspecified,3.6x opera glasses maintain image and color fidelity in all lighting conditions. The brushed aluminum body fits snugly into any purse or pocket. Includes a soft leather case and carrying loop.,$50.40,$110.00
134110,Personal Accessories,Knives,Pocket Gizmo,2015-01-01,Trakker,Blue,8.4 cm,"A compact tool that includes LED light, blade, tweezers, reamer, screwdriver, file, corkscrew and can opener.",$4.87,$12.20
134120,Personal Accessories,Knives,Pocket Gizmo,2015-01-01,Trakker,Red,8.4 cm,"A compact tool that includes LED light, blade, tweezers, reamer, screwdriver, file, corkscrew and can opener.",$4.96,$12.52
134130,Personal Accessories,Knives,Pocket Gizmo,2017-01-01,Trakker,Silver,8.4 cm,"A compact tool that includes LED light, blade, tweezers, reamer, screwdriver, file, corkscrew and can opener.",$5.25,$12.90
134140,Personal Accessories,Knives,Pocket Gizmo,2016-01-01,Trakker,Camouflage,8.4 cm,"A compact tool that includes LED light, blade, tweezers, reamer, screwdriver, file, corkscrew and can opener.",$4.65,$12.68
135110,Personal Accessories,Binoculars,Ranger Vision,2015-01-01,Trakker,Black,Unspecified,"8x27x50 zoom binoculars include compass and range-finding reticle, multi-coated optics, and textured rubber armoring. Waterproof and lightweight.",$76.28,$163.48
135120,Personal Accessories,Binoculars,Ranger Vision,2015-01-01,Trakker,Silver,Unspecified,"8x27x50 zoom binoculars include compass and range-finding reticle, multi-coated optics, and textured rubber armoring. Waterproof and lightweight.",$93.50,$165.73
135130,Personal Accessories,Binoculars,Ranger Vision,2016-04-01,Trakker,Camouflage,Unspecified,"8x27x50 zoom binoculars include compass and range-finding reticle, multi-coated optics, and textured rubber armoring. Waterproof and lightweight.",$76.60,$165.19
136110,Personal Accessories,Watches,Sam,2018-01-01,Relax,Black,One-size,"The Sam watch has a sophisticated quartz movement, and both analog and digital time display.  Comes with a 5 year warranty.",$28.36,$47.30
136120,Personal Accessories,Watches,Sam,2015-01-01,Relax,Orange,One-size,"The Sam watch has a sophisticated quartz movement, and both analog and digital time display.  Comes with a 5 year warranty.",$26.90,$44.90
136130,Personal Accessories,Watches,Sam,2017-07-01,Relax,Pink,One-size,"The Sam watch has a sophisticated quartz movement, and both analog and digital time display.  Comes with a 5 year warranty.",$28.37,$47.30
136140,Personal Accessories,Watches,Sam,2015-01-01,Relax,Red,One-size,"The Sam watch has a sophisticated quartz movement, and both analog and digital time display.  Comes with a 5 year warranty.",$27.81,$46.11
136150,Personal Accessories,Watches,Sam,2018-04-01,Relax,Yellow,One-size,"The Sam watch has a sophisticated quartz movement, and both analog and digital time display.  Comes with a 5 year warranty.",$28.25,$47.30
140110,Personal Accessories,Navigation,Trail Master,2015-01-01,Alpha,Black,Unspecified,"A rubberized and water-resistant GPS receiver that includes a 70mm color screen, electronic compass and altimeter. Uses a 64MB memory card. Requires two AA batteries for 18 hours of service. Weighs 238 grams.",$234.90,$365.00
141110,Personal Accessories,Navigation,Trail Scout,2015-01-01,Alpha,Black,Unspecified,This highly portable GPS has an 80mm color screen. Requires two AA batteries for 18 hours of service. Uses a 22MB memory card. Weighs 210 grams.,$152.90,$238.00
142110,Personal Accessories,Navigation,Trail Star,2015-01-01,Alpha,Silver,Unspecified,A light-weight GPS receiver with a 56mm monochrome display and 24MB internal memory. Requires two AA batteries for 26 hours of service. Weighs only 156 grams.,$88.57,$154.00
143110,Personal Accessories,Eyewear,Trendi,2015-01-01,Relax,Black,One-size,"Trendi sunglasses feature a sporty, stylish, wrap-around design. Soft rocker nose pads and rubberized temple ends provide the ultimate in comfort.",$30.02,$50.00
143120,Personal Accessories,Eyewear,Trendi,2015-01-01,Relax,Brown,One-size,"Trendi sunglasses feature a sporty, stylish, wrap-around design. Soft rocker nose pads and rubberized temple ends provide the ultimate in comfort.",$30.01,$50.00
143130,Personal Accessories,Eyewear,Trendi,2015-01-01,Relax,Pink,One-size,"Trendi sunglasses feature a sporty, stylish, wrap-around design. Soft rocker nose pads and rubberized temple ends provide the ultimate in comfort.",$30.10,$49.92
143140,Personal Accessories,Eyewear,Trendi,2017-04-01,Relax,Silver,One-size,"Trendi sunglasses feature a sporty, stylish, wrap-around design. Soft rocker nose pads and rubberized temple ends provide the ultimate in comfort.",$31.26,$50.80
143150,Personal Accessories,Eyewear,Trendi,2018-04-01,Relax,White,One-size,"Trendi sunglasses feature a sporty, stylish, wrap-around design. Soft rocker nose pads and rubberized temple ends provide the ultimate in comfort.",$29.53,$50.30
144110,Personal Accessories,Watches,TX,2015-01-01,Xray,Blue,Men's,The TX watch offers 4 separate times.  The synthetic band is durable yet breathable.,$103.68,$188.00
144120,Personal Accessories,Watches,TX,2015-01-01,Xray,Brown,Men's,The TX watch offers 4 separate times.  The synthetic band is durable yet breathable.,$106.08,$192.40
144130,Personal Accessories,Watches,TX,2018-01-01,Xray,Green,Men's,The TX watch offers 4 separate times.  The synthetic band is durable yet breathable.,$108.32,$199.60
144140,Personal Accessories,Watches,TX,2015-01-01,Xray,Yellow,Men's,The TX watch offers 4 separate times.  The synthetic band is durable yet breathable.,$103.21,$188.00
144150,Personal Accessories,Watches,TX,2015-01-01,Xray,Camouflage,Women's,The TX watch offers 4 separate times.  The synthetic band is durable yet breathable.,$107.42,$203.08
144160,Personal Accessories,Watches,TX,2017-04-01,Xray,Blue,Women's,The TX watch offers 4 separate times.  The synthetic band is durable yet breathable.,$68.85,$125.40
144170,Personal Accessories,Watches,TX,2015-01-01,Xray,Red,Women's,The TX watch offers 4 separate times.  The synthetic band is durable yet breathable.,$101.72,$184.90
144180,Personal Accessories,Watches,TX,2015-01-01,Xray,Silver,Men's,The TX watch offers 4 separate times.  The synthetic band is durable yet breathable.,$105.69,$192.05
144190,Personal Accessories,Watches,TX,2015-01-01,Xray,Yellow,Women's,The TX watch offers 4 separate times.  The synthetic band is durable yet breathable.,$98.85,$180.00
144200,Personal Accessories,Watches,TX,2016-10-01,Xray,Camouflage,Men's,The TX watch offers 4 separate times.  The synthetic band is durable yet breathable.,$100.50,$197.39
145110,Personal Accessories,Watches,Legend,2015-01-01,Epoch,Green,Women's,"Solid titanium case, crown, bezel.  Combination nylon and rubber strap. Analog representation on digital interface.  Backlit, hardened mineral crystal, water-resistant to 100 meters.",$115.72,$220.00
145120,Personal Accessories,Watches,Legend,2017-10-01,Epoch,Brown,Women's,"Solid titanium case, crown, bezel.  Combination nylon and rubber strap. Analog representation on digital interface.  Backlit, hardened mineral crystal, water-resistant to 100 meters.",$148.56,$254.00
145130,Personal Accessories,Watches,Legend,2015-01-01,Epoch,Silver,Women's,"Solid titanium case, crown, bezel.  Combination nylon and rubber strap. Analog representation on digital interface.  Backlit, hardened mineral crystal, water-resistant to 100 meters.",$154.41,$264.24
145140,Personal Accessories,Watches,Legend,2017-07-01,Epoch,Black,Men's,"Solid titanium case, crown, bezel.  Combination nylon and rubber strap. Analog representation on digital interface.  Backlit, hardened mineral crystal, water-resistant to 100 meters.",$138.18,$249.00
145150,Personal Accessories,Watches,Legend,2015-01-01,Epoch,Orange,Women's,"Solid titanium case, crown, bezel.  Combination nylon and rubber strap. Analog representation on digital interface.  Backlit, hardened mineral crystal, water-resistant to 100 meters.",$132.46,$240.00
145160,Personal Accessories,Watches,Legend,2015-01-01,Epoch,Pink,Men's,"Solid titanium case, crown, bezel.  Combination nylon and rubber strap. Analog representation on digital interface.  Backlit, hardened mineral crystal, water-resistant to 100 meters.",$135.10,$243.87
145170,Personal Accessories,Watches,Legend,2015-01-01,Epoch,Silver,Men's,"Solid titanium case, crown, bezel.  Combination nylon and rubber strap. Analog representation on digital interface.  Backlit, hardened mineral crystal, water-resistant to 100 meters.",$148.60,$267.69
145180,Personal Accessories,Watches,Legend,2017-04-01,Epoch,White,Women's,"Solid titanium case, crown, bezel.  Combination nylon and rubber strap. Analog representation on digital interface.  Backlit, hardened mineral crystal, water-resistant to 100 meters.",$138.17,$249.00
146110,Personal Accessories,Watches,Zodiak,2017-01-01,Trakker,Blue,Women's,"The Zodiak has a durable synthetic leather strap, digital face, hardened crystal, and is water-resistant to 100 meters.",$62.04,$107.98
146120,Personal Accessories,Watches,Zodiak,2016-04-01,Trakker,Brown,Women's,"The Zodiak has a durable synthetic leather strap, digital face, hardened crystal, and is water-resistant to 100 meters.",$61.19,$106.49
146130,Personal Accessories,Watches,Zodiak,2016-10-01,Trakker,Green,Women's,"The Zodiak has a durable synthetic leather strap, digital face, hardened crystal, and is water-resistant to 100 meters.",$61.99,$107.92
146140,Personal Accessories,Watches,Zodiak,2016-07-01,Trakker,Silver,Women's,"The Zodiak has a durable synthetic leather strap, digital face, hardened crystal, and is water-resistant to 100 meters.",$67.32,$115.67
147110,Personal Accessories,Eyewear,Zone,2015-01-01,Relax,Black,Women's,Zone sunglasses are scratch-resistant and offer full protection from ultraviolet light.,$20.96,$31.42
147120,Personal Accessories,Eyewear,Zone,2015-01-01,Relax,Blue,Women's,Zone sunglasses are scratch-resistant and offer full protection from ultraviolet light.,$20.73,$31.03
147130,Personal Accessories,Eyewear,Zone,2015-01-01,Relax,Brown,Women's,Zone sunglasses are scratch-resistant and offer full protection from ultraviolet light.,$21.12,$31.70
147140,Personal Accessories,Eyewear,Zone,2017-01-01,Relax,Silver,Women's,Zone sunglasses are scratch-resistant and offer full protection from ultraviolet light.,$25.36,$37.05
147150,Personal Accessories,Eyewear,Zone,2015-08-01,Relax,Camouflage,Men's,Zone sunglasses are scratch-resistant and offer full protection from ultraviolet light.,$22.50,$35.49
147160,Personal Accessories,Eyewear,Zone,2015-01-01,Relax,Black,Men's,Zone sunglasses are scratch-resistant and offer full protection from ultraviolet light.,$20.97,$30.89
147170,Personal Accessories,Eyewear,Zone,2015-01-01,Relax,Brown,Men's,Zone sunglasses are scratch-resistant and offer full protection from ultraviolet light.,$21.13,$31.15
147180,Personal Accessories,Eyewear,Zone,2015-01-01,Relax,Silver,Men's,Zone sunglasses are scratch-resistant and offer full protection from ultraviolet light.,$21.00,$31.01
147190,Personal Accessories,Eyewear,Zone,2018-01-01,Relax,Camouflage,Women's,Zone sunglasses are scratch-resistant and offer full protection from ultraviolet light.,$21.62,$33.30
148110,Personal Accessories,Eyewear,Hawk Eye,2015-04-01,Trakker,Black,Men's,Hawk Eye sunglasses are feather light and offer 100% ultraviolet protection.,$24.66,$41.41
148120,Personal Accessories,Eyewear,Hawk Eye,2015-04-01,Trakker,Brown,Men's,Hawk Eye sunglasses are feather light and offer 100% ultraviolet protection.,$24.73,$41.67
148130,Personal Accessories,Eyewear,Hawk Eye,2015-06-01,Trakker,Camouflage,Men's,Hawk Eye sunglasses are feather light and offer 100% ultraviolet protection.,$23.68,$41.93
149110,Personal Accessories,Eyewear,Retro,2018-06-01,Epoch,Blue,Women's,Retro sunglasses are inspired by last-century design and new-century resin technology. Available in an array of classic colors.,$33.56,$62.65
149120,Personal Accessories,Eyewear,Retro,2016-06-01,Epoch,Green,Men's,Retro sunglasses are inspired by last-century design and new-century resin technology. Available in an array of classic colors.,$34.40,$62.65
149130,Personal Accessories,Eyewear,Retro,2016-06-01,Epoch,Orange,Women's,Retro sunglasses are inspired by last-century design and new-century resin technology. Available in an array of classic colors.,$34.18,$62.65
149140,Personal Accessories,Eyewear,Retro,2016-04-01,Epoch,Red,Women's,Retro sunglasses are inspired by last-century design and new-century resin technology. Available in an array of classic colors.,$34.22,$62.65
149150,Personal Accessories,Eyewear,Retro,2018-01-01,Epoch,White,Women's,Retro sunglasses are inspired by last-century design and new-century resin technology. Available in an array of classic colors.,$33.56,$62.65
149160,Personal Accessories,Eyewear,Retro,2016-09-01,Epoch,Yellow,Men's,Retro sunglasses are inspired by last-century design and new-century resin technology. Available in an array of classic colors.,$34.38,$62.65
151110,Personal Accessories,Navigation,Astro Pilot,2016-06-01,Trakker,Black,Unspecified,This GPS has a high-contrast 86mm color screen that is viewable in sunlight. Requires four AA batteries for 15 hours of service. Uses a 30MB memory card. Weighs 340 grams.,$90.34,$145.00
151120,Personal Accessories,Navigation,Astro Pilot,2018-02-01,Trakker,Silver,Unspecified,This GPS has a high-contrast 86mm color screen that is viewable in sunlight. Requires four AA batteries for 15 hours of service. Uses a 30MB memory card. Weighs 340 grams.,$232.70,$358.00
151130,Personal Accessories,Navigation,Astro Pilot,2018-02-01,Trakker,Yellow,Unspecified,This GPS has a high-contrast 86mm color screen that is viewable in sunlight. Requires four AA batteries for 15 hours of service. Uses a 30MB memory card. Weighs 340 grams.,$223.50,$358.00
152110,Personal Accessories,Navigation,Sky Pilot,2016-06-01,Trakker,Black,Unspecified,"Small and lightweight, this GPS has a 55mm color screen and comes with a 32MB memory card. It includes an electronic compass and altimeter. Base maps are included. Requires two AA batteries for 18 hours of service. Weighs only 160 grams.",$234.22,$358.00
153110,Personal Accessories,Navigation,Auto Pilot,2017-06-01,Trakker,Silver,Unspecified,The Auto Pilot is an easy-to-use navigation system for the road. A 90mm color touchscreen and audio directions make exploration fast and fun. Comes with preloaded maps.,$152.98,$235.00
154110,Personal Accessories,Watches,Kodiak,2015-01-01,Trakker,Blue,Men's,"The Kodiak includes a tough leather strap, precision Swiss quartz movement, with luminous hands and markers.",$66.67,$120.30
154120,Personal Accessories,Watches,Kodiak,2015-01-01,Trakker,Brown,Men's,"The Kodiak includes a tough leather strap, precision Swiss quartz movement, with luminous hands and markers.",$67.79,$122.51
154130,Personal Accessories,Watches,Kodiak,2015-01-01,Trakker,Green,Men's,"The Kodiak includes a tough leather strap, precision Swiss quartz movement, with luminous hands and markers.",$66.83,$120.76
154140,Personal Accessories,Watches,Kodiak,2018-01-01,Trakker,Silver,Men's,"The Kodiak includes a tough leather strap, precision Swiss quartz movement, with luminous hands and markers.",$74.11,$136.20
154150,Personal Accessories,Watches,Kodiak,2015-07-01,Trakker,Camouflage,Men's,"The Kodiak includes a tough leather strap, precision Swiss quartz movement, with luminous hands and markers.",$69.08,$132.77